{"cameraMode":{"drawMode":0,"name":"Shaded","section":"Shading Mode"},"sceneLighting":true,"audioPlay":false,"sceneViewState":{"m_AlwaysRefresh":false,"showFog":true,"showSkybox":false,"showFlares":true,"showImageEffects":true,"showParticleSystems":true,"showVisualEffectGraphs":true,"m_FxEnabled":true},"in2DMode":false,"pivot":{"x":10.00253963470459,"y":0.20720815658569337,"z":1.6533327102661133},"rotation":{"x":0.07214251905679703,"y":0.6262560486793518,"z":-0.058480292558670047,"w":0.7742387056350708},"size":6.477017879486084,"orthographic":false}