{"cameraMode":{"drawMode":0,"name":"Shaded","section":"Shading Mode"},"sceneLighting":false,"audioPlay":false,"sceneViewState":{"m_AlwaysRefresh":false,"showFog":true,"showSkybox":true,"showFlares":true,"showImageEffects":true,"showParticleSystems":true,"showVisualEffectGraphs":true,"m_FxEnabled":true},"in2DMode":false,"pivot":{"x":0.7485112547874451,"y":7.814490795135498,"z":-0.40743306279182436},"rotation":{"x":-0.4755130112171173,"y":-0.47257354855537417,"z":0.3417377769947052,"w":-0.6588247418403626},"size":0.14415036141872407,"orthographic":false}