{"cameraMode":{"drawMode":0,"name":"Shaded","section":"Shading Mode"},"sceneLighting":true,"audioPlay":false,"sceneViewState":{"m_AlwaysRefresh":false,"showFog":true,"showSkybox":false,"showFlares":true,"showImageEffects":true,"showParticleSystems":true,"showVisualEffectGraphs":true,"m_FxEnabled":true},"in2DMode":false,"pivot":{"x":2.0402889251708986,"y":0.9752998352050781,"z":1.836289405822754},"rotation":{"x":-0.02428947016596794,"y":-0.9734700918197632,"z":-0.18930529057979585,"w":0.12720409035682679},"size":24.24871063232422,"orthographic":false}